pitch_type,player_name,game_date,p_throws,release_speed,effective_speed,release_spin_rate,spin_axis,pfx_x,pfx_z,plate_x,plate_z,release_pos_x,release_pos_y,release_pos_z,release_extension,vx0,vy0,vz0,ax,ay,az
FF,"Kopech, Michael",5/2/2023,R,94.9,95.5,2584,214,-0.62,1.4,0.1692352615621077,1.3847174727044838,-2.7,53.76,5.83,6.7,8.941974387634094,-137.7021123,-9.137646727,-9.886875022,29.812853262678026,-12.4422495
FC,"Clevinger, Mike",9/24/2023,R,84.3,85.1,2418,111,0.33,0.03,0.7993144665040185,1.023232244,-1.56,53.75,5.69,6.7,4.881370726438777,-122.7391026,-4.581116293,2.3988103992519365,23.68812817888909,-31.16909705
FF,"Davidson, Tucker",9/8/2023,L,91.3,91.5,2195,158,1.35,1.53,0.8868899906573207,2.3266115106607392,1.76,53.65,6,6.8,-5.149856618,-132.5799854,-6.622624597,16.955340103505335,32.14839476711214,-12.91212542
FF,"Megill, Tylor",9/16/2023,R,95,95.9,1856,208,-0.31,1.01,0.6637600855116144,3.1368978237760228,-1.33,53.56,6.03,6.9,5.994937589086351,-138.1968798,-4.198964455,-5.364506449,32.202619827868325,-18.55752827
SI,"Bard, Daniel",9/26/2023,R,94.3,94.4,2350,216,-0.93,0.59,-1.258276394,3.680679893,-2.23,54.45,5.61,6,4.564756761616868,-137.34406,-0.691925015,-12.74448322,26.93638415205311,-24.68858813
SI,"Sandoval, Patrick",8/14/2023,L,93.1,92.6,1691,148,1.15,1.03,2.330985862924658,3.938701958694439,0.99,54.6,6.13,5.9,0.8974056481022643,-135.6663098,-2.11863201,14.077775179079737,29.368509031949262,-19.25510008
FC,"Nelson, Ryne",4/9/2023,R,85.4,86,2282,100,0.15,0.15,-0.604918925,3.098475682305714,-1.19,53.99,6.09,6.5,1.0920982694144266,-124.4995848,-1.09187884,1.327808240848181,24.259960651217437,-30.63815501
FC,"Covey, Dylan",9/27/2023,R,94.9,94.5,2205,197,0.06,1.2,-0.212844719,2.2649610684376382,-1.66,54.42,6.37,6.1,3.6240642795060167,-138.0113559,-7.731089864,-0.050297578,30.73381889108129,-15.30633288
SL,"Kikuchi, Yusei",9/29/2023,L,87.8,88.5,2425,244,-0.3,0.13,-0.288426579,1.1793181243665225,2.53,53.66,5.2,6.8,-6.264679387,-127.6813567,-3.867308023,-1.883549352,27.27894476138953,-30.18708722
FF,"Lugo, Seth",4/21/2023,R,92.6,91.7,2418,206,-0.5,1.37,-0.325535338,1.6474874285905747,-0.9,54.65,5.8,5.9,2.5163354896232506,-134.702096,-7.706937673,-6.605929796,30.11731513791745,-14.06105462
SI,"Rodriguez, Eduardo",8/13/2023,L,91.9,92.6,2081,157,1.15,0.71,-0.085916322,2.6641146286269075,1.38,54.12,5.85,6.4,-6.221415373,-133.8648518,-3.869084839,15.117892465563916,25.57089786400696,-22.94012161
SL,"Banks, Tanner",6/25/2023,L,87.2,87.4,2439,198,-0.4,0.3,-0.619683511,2.249124223,2.9,54.38,6.16,6.1,-7.606765103,-126.9155066,-3.912811619,-3.027673262,22.64762225,-28.39977505
FF,"Giolito, Lucas",4/18/2023,R,94.2,94.7,2252,199,-0.45,1.53,0.2179988648088177,5.220369490192203,-1.21,53.81,6.28,6.7,4.7240576824468885,-137.0748566,-0.420917784,-6.700290461,31.588042907948346,-13.0996041
FF,"Oviedo, Johan",4/9/2023,R,96.7,98,2219,217,-1.03,1.03,-0.429345277,3.193308694839616,-2.81,53.34,5.71,7.2,8.839348695713628,-140.4943223,-3.528777883,-15.71144882,32.65011773991628,-17.9000286
CU,"Miller, Bobby",7/28/2023,R,81.4,82.3,2828,38,0.79,-1.07,-0.106470435,0.96750315,-1.12,53.56,5.98,6.9,0.7687283600560109,-118.5387267,-2.593416542,7.235732744307619,23.80175015047339,-41.8972633
KC,"Nola, Aaron",9/20/2023,R,80.8,81.7,2703,59,0.89,-0.99,-0.243462937,1.344494602647346,-2.26,53.52,5.09,7,2.817171094362984,-117.6352995,0.2303939048194068,7.711612022678408,23.09244448646792,-41.63821107
SI,"King, Michael",8/3/2023,R,94.9,94.9,2387,219,-1.44,0.27,-0.020381751,3.106110599125789,-2.18,54.04,5.69,6.5,8.909375941118245,-137.8873095,-1.660987158,-20.43779866,31.930625182115133,-28.58367191
FF,"Rutledge, Jackson",10/1/2023,R,95.5,95,2345,230,-1.02,1.17,0.3525532223681602,2.8236810366843894,-1.98,54.32,6.22,6.2,8.403584216058373,-138.7644972,-5.887627601,-15.09251845,32.57258706601125,-15.87973452
FF,"Kahnle, Tommy",7/9/2023,R,95.4,96.4,2153,202,-0.29,1.36,0.662024552,2.850170568905572,-1.86,53.62,6.01,6.9,7.370549064365089,-138.7439193,-5.789468489,-5.422883214,30.722188221312795,-13.4626955
FF,"Kopech, Michael",6/27/2023,R,94.8,96.4,2498,228,-0.81,1.39,-1.057023709,3.0632121500617258,-2.9,53.3,5.5,7.2,6.762248217087247,-137.9179641,-3.874687902,-11.87243032,30.77845196027636,-13.76352768
ST,"Kelley, Trevor",5/27/2023,R,75.3,74.8,2529,89,1.34,0.62,-0.534362793,1.471120361391002,-4.67,54.23,3.25,6.3,6.179055054358459,-109.4299891,2.450332432200845,9.468754571384656,21.83970928828693,-28.02842163
FF,"Alcantara, Sandy",5/19/2023,R,99.3,98.9,2289,238,-0.63,1.28,0.9963413824757992,3.5697838782855302,-1.98,54.45,6.1,6.1,9.566187918537809,-144.32509,-4.489071804,-10.96382151,32.59412006511403,-13.36625236
FS,"Pagán, Emilio",8/18/2023,R,86.4,86.6,1837,226,-1.03,0.98,0.5550008165308067,2.128955452955795,-1.6,54.09,5.79,6.4,7.239115617495949,-125.6100459,-4.518202675,-12.38442904,24.665341232274876,-21.03760541
FF,"Wells, Tyler",6/9/2023,R,92.4,92.6,2439,202,-0.43,1.74,0.5082989277041741,3.161621873347394,-1.21,54.11,6.88,6.4,5.320363809503882,-134.3858827,-7.461468157,-6.391347806,28.398465004731367,-9.649338842
FF,"Avila, Pedro",7/2/2023,R,95,95.2,2227,217,0.08,0.91,1.0219460568511736,3.6159386539688265,-1.06,54.37,5.7,6.1,5.273791420797445,-138.3602366,-1.890078857,-0.044022657,28.13771856,-20.2180525
CU,"Johnson, Pierce",5/10/2023,R,86.4,85.9,2805,46,0.52,-0.61,0.020847896,1.5652097993502312,-1.98,54.5,6.01,6,3.696039903108306,-125.7401639,-3.098133212,4.697605866701899,25.92354721979653,-38.21316956
CH,"Winckowski, Josh",8/15/2023,R,93.4,94,1661,238,-1.33,0.57,-0.925237255,1.3133551317475665,-1.85,54.02,5.97,6.5,5.341337033633553,-135.9029901,-7.558743856,-17.6764083,27.947901000732703,-23.72678441
CH,"Cano, Yennier",9/9/2023,R,91.6,91,1784,267,-1.61,0.23,-0.284659444,1.425217882427495,-2.21,54.41,5.46,6.1,8.313214829356568,-133.1150463,-4.790006621,-20.98149588,29.57120098803427,-28.50728027
SL,"Nelson, Kyle",9/11/2023,L,86.4,85.8,2608,223,-0.67,0.15,-0.875225643,1.1170875905105953,0.81,54.5,5.62,6,-2.640883621,-125.8106863,-4.753599347,-6.498004055,26.889681587302885,-29.84553454
FF,"Gallen, Zac",5/8/2023,R,94.9,95.2,2425,201,-0.07,1.43,0.5715953047863865,2.9570782137645057,-2.55,53.88,6.04,6.6,8.343624955604998,-137.894014,-5.605860808,-2.748028271,31.43133691711319,-12.82562064
FF,"Gore, MacKenzie",8/29/2023,L,95,96.5,2384,158,0.33,1.55,-0.583229973,0.9736335360243746,1.56,53.22,5.8,7.3,-6.459680441,-137.8214976,-10.59224386,5.697885214242879,30.56354327651657,-10.17450145
FF,"Anderson, Tyler",5/5/2023,L,89.3,88.9,2183,159,0.38,1.64,1.037092819997307,3.473882106749956,1.97,54.23,6.38,6.3,-3.11098878,-129.963331,-4.525799665,5.020498391369598,30.39136716599188,-12.9165696
SI,"Marte, Yunior",8/12/2023,R,99,98.8,2519,229,-1.38,1.09,-0.740321977,1.729806824938812,-1.56,54.24,5.49,6.3,5.427370100735413,-143.9472291,-7.356300114,-20.38885809,33.567497592547326,-15.52878855
SL,"Koch, Matt",7/1/2023,R,82.4,83.1,2422,67,0.7,0.01,-1.035640946,3.6254185507747287,-2.73,54.15,5.74,6.3,2.497374217410563,-120.1033984,1.601089401691118,6.443509857425528,19.647895190474312,-32.5587693
SL,"Díaz, Alexis",6/23/2023,R,87.4,90.1,2613,121,0.59,0.22,-1.164822818,1.402838410410577,-2.56,52.95,4.68,7.6,2.2117302979263385,-127.469808,-2.346396592,6.080075625402932,22.89014545719647,-29.48359132
FC,"Bieber, Shane",4/10/2023,R,86.3,87.7,2581,183,0.41,0.48,1.357422971950002,1.5688376179849746,-1.39,53.69,5.59,6.8,5.7505833283392285,-125.7331262,-4.467928985,3.442260625114049,21.93797976528757,-26.39715614
FF,"Stratton, Chris",9/9/2023,R,93.5,94.1,2561,218,-0.42,1.25,0.061289408,2.398514266536308,-1.69,53.94,5.79,6.6,5.474785849442482,-135.9979056,-5.807390314,-6.375914098,28.27566225007693,-15.55423367
SI,"Sale, Chris",4/6/2023,L,90.9,91.2,1950,117,2.02,0.1,0.7559948688601148,2.799622949370877,3.28,53.96,5.23,6.5,-10.68738049,-131.9620715,-0.366434329,25.86108573348997,27.564052427098687,-31.18684649
CU,"Morton, Charlie",5/15/2023,R,82,81.9,3001,60,1.31,-0.33,0.5850619767717313,1.7688879143738427,-2.56,54.23,5.19,6.3,4.569773787918444,-119.427487,-0.541331188,11.593817043910768,23.814129145846596,-35.40145859
SL,"Chapman, Aroldis",4/19/2023,L,86.8,88.3,2274,279,-0.79,0.35,0.7753314955887928,2.492306436336115,0.58,53.31,5.95,7.2,2.135981248160235,-126.4543323,-2.857277646,-8.898500544,26.164498711363425,-27.9958223
FF,"Boyd, Matthew",4/29/2023,L,90.7,90.6,2589,139,0.94,1.38,-0.119136858,3.743613079074007,2.02,54.22,5.58,6.3,-7.344860018,-131.8893529,-1.629449891,12.552068370685756,27.874924000680743,-15.88422135
FF,"Medina, Luis",5/17/2023,R,94.1,94.1,2080,211,-0.4,1.18,-0.202731058,2.298303592570962,-2.54,54.24,6.18,6.3,6.94085533,-136.7876801,-6.980603039,-6.521364867,29.252814614211594,-16.01022025
SL,"Manoah, Alek",8/4/2023,R,80.4,80.9,2036,43,0.89,-0.3,0.3430364411673974,1.7977570554712603,-2,53.87,5.74,6.6,3.539267109050932,-117.0614871,-1.474172827,7.466667109029466,22.688561030140598,-34.83162796
SI,"Jacques, Joe",9/5/2023,L,90.9,90.5,2003,90,1.61,-0.13,2.8703388786427797,2.968091608231161,3.47,54.17,4.33,6.3,-4.941707675,-132.1348349,2.8354960258361634,19.83270407968857,30.810668438324743,-34.55916479
ST,"Kirby, George",9/20/2023,R,90,89.2,2220,25,0.34,0.07,0.6025134649993509,1.8101761518905977,-1.52,54.13,5.94,6.4,4.537642002481428,-130.7821009,-4.295017679,2.675490267550648,33.38213450768738,-30.53651173
FF,"Burke, Brock",7/21/2023,L,94.5,95.4,2134,138,0.72,1.21,-0.27595471,2.785178571797596,1.68,53.6,6.16,6.9,-6.762495217,-137.4240957,-5.839737462,10.633297403733158,31.10903368391453,-15.74660017
FF,"Toussaint, Touki",8/3/2023,R,93.3,94.3,2160,218,-0.5,1.37,1.5338800139845836,2.378827479739247,-1.45,53.45,5.58,7,8.898118315132562,-135.5663696,-5.513047062,-8.143429424,30.57985024081766,-14.27307769
CU,"Cabrera, Edward",9/12/2023,R,84.6,84.8,2435,43,0.99,-0.34,1.3481082284530574,1.298033571556998,-1.72,54.01,6.22,6.5,5.212559576512557,-123.0530569,-4.429092367,8.924933403596134,25.10338496637776,-34.9627087
FF,"Hill, Rich",4/7/2023,L,87,87.3,2221,146,0.51,1.59,-0.502350062,2.382947679,1.39,54.04,5.96,6.5,-5.606259272,-126.5249439,-5.681573393,6.608294817255322,25.321574900410116,-14.14733557
SL,"Díaz, Alexis",7/16/2023,R,87.9,90.9,2754,125,0.2,0.38,0.6464370457513097,2.021172760252748,-2.3,52.87,4.63,7.6,6.899212156021491,-128.0121246,-1.130209047,1.080553663575407,21.27486158821914,-27.92711969
FF,"Javier, Cristian",5/16/2023,R,92.8,92.2,2181,198,-0.46,1.21,-0.643460041,2.964373532847512,-1.61,54.28,5.83,6.2,3.4739335793909443,-134.9526485,-4.119406281,-6.43463999,32.351241655503465,-16.72145453
CU,"Smith, Will",7/1/2023,L,76.6,76.2,2070,329,-0.76,-0.97,0.4826306119255413,2.451354212146976,1.4,54.45,6.66,6,-0.57411234,-111.6086076,-0.119084783,-6.205643583,20.90948069982748,-40.44846052
SL,"Farmer, Buck",8/20/2023,R,83.2,82.9,2872,51,1.21,0.13,0.7717936676563829,1.544181737,-1.4,54.47,5.66,6,2.6004533030357813,-121.2355095,-3.238849404,11.44150321308904,23.53130728132824,-30.50763591
CH,"Suarez, José",9/16/2023,L,81.3,81.4,1722,119,1.09,1,-0.266159491,1.1279676043164968,2.39,54.22,5.42,6.3,-8.042491627,-118.1667208,-4.960577522,11.733926165957902,21.19223144662509,-22.01213987
CH,"Williamson, Brandon",6/2/2023,L,84.4,84.3,1565,113,0.84,0.87,0.5685848079924917,2.178270463389529,0.49,54.37,6.48,6.1,-1.498643248,-122.8605963,-5.379426987,8.837657621753811,23.75555204433172,-22.54692516
FF,"Senga, Kodai",6/10/2023,R,95,95.7,2312,215,-0.76,1.09,0.7046308847887414,2.8339197876135893,-1.92,53.95,5.88,6.6,8.612578115401401,-138.0801785,-4.816070179,-11.59069526,27.773065520053997,-17.26338552
FF,"Strider, Spencer",5/17/2023,R,98.2,99,2324,206,-0.56,1.55,-0.280114407,3.1143141269029493,-1.96,53.58,5.86,6.9,5.906364388664234,-142.7357239,-5.559322478,-9.027581854,34.417047632084085,-9.932810359
FF,"Englert, Mason",6/12/2023,R,90.7,90.7,2200,226,-0.79,1.09,0.2047127576933108,2.357517141151213,-2.19,54.35,5.52,6.1,7.633319255,-131.9023265,-4.333444753,-10.73119617,25.76957931852752,-18.73823171
FF,"Cease, Dylan",8/2/2023,R,95.1,94.7,2642,198,-0.38,1.57,-0.160597262,3.857230632706568,-1.66,54.15,6.15,6.4,4.783486461376568,-138.3913726,-3.826579952,-6.042284238,34.59847210062142,-11.42384009
CH,"Gibson, Kyle",8/18/2023,R,85.8,87.2,1646,232,-1.2,0.1,0.7533005391591157,0.8659115652956557,-2.39,53.36,6.18,7.1,9.989116891,-124.4616862,-6.597848068,-14.4090313,22.82170039199544,-30.04893808
SL,"Patiño, Luis",9/27/2023,R,85.1,85.7,2226,122,0.51,0.25,1.5014494771762814,-0.120814205,-1.25,53.51,5.84,7,5.482826311916606,-123.5426792,-8.168698511,3.995242276273808,26.66001348570703,-28.04314364
FF,"Varland, Louis",9/6/2023,R,98.3,99.6,2308,213,-0.53,1.39,-0.101490729,2.1104183675049946,-1.74,53.65,5.35,6.9,5.713395487147195,-143.0708792,-6.639099103,-8.514865232,30.94832294385479,-11.77978587
CU,"Blackburn, Paul",8/5/2023,R,81.1,81.1,2494,31,0.69,-1.27,0.1306733337753697,1.1611618938740147,-1.99,54.05,5.99,6.4,3.4367393170749296,-118.0373833,-1.691029263,5.6678865454047855,24.230404612991624,-43.8981393
CH,"Pérez, Martín",5/7/2023,L,85,83.9,1802,125,1.17,0.85,0.3466334582759806,1.6825896935679947,1.17,54.83,5.64,5.7,-4.208836097,-123.677282,-4.596648598,12.852116182572976,25.561494690572705,-22.73989941
ST,"López, Pablo",5/27/2023,R,86.3,89,2536,56,0.92,0.21,0.539275206,2.4827143665547946,-2.17,52.83,5.53,7.7,4.7016901810076455,-125.7945507,-1.547149946,8.980557132099305,23.091505308390303,-29.8333063
FF,"Peralta, Freddy",5/8/2023,R,92.9,93.9,2460,212,-0.52,1.39,0.5636133418116845,3.3197147483966205,-2.81,53.68,4.96,6.8,9.853581760976144,-135.0289523,-1.474570041,-8.411915196,28.20257044,-14.960619
CU,"Law, Derek",8/28/2023,R,79.2,80.1,2586,350,0.09,-0.59,0.006038562,2.3730949830898336,-1.26,53.96,6.65,6.5,2.6077176677585845,-115.4607485,-1.546227834,0.3989008741656717,19.20016720258871,-37.40928218
CU,"Pérez, Eury",5/18/2023,R,81.4,82,2334,109,0.33,0.13,-1.275160174,2.1489223627139293,-2.16,53.87,6.08,6.6,1.3754398874107618,-118.6054488,-2.494688753,2.8077713086533325,22.998659772954017,-30.71472022
FF,"Kelly, Merrill",9/9/2023,R,90.3,89.8,2286,227,-0.61,1.19,0.077132882,1.9092765678845705,-1.95,54.67,5.47,5.8,6.305151726309833,-131.4253059,-5.43046881,-8.416522447,26.47812120240292,-17.41855773
SL,"Lange, Alex",7/14/2023,R,88.2,88.3,2338,37,-0.08,-0.43,-0.526847592,1.4743497421822207,-2.47,54.07,5.65,6.4,4.916826044704574,-128.3093769,-3.164420598,-1.971144538,27.15997564233184,-36.4692889
FF,"Beck, Tristan",5/22/2023,R,94.7,95.4,2191,215,-0.71,1.51,0.6109543056852877,2.134460379905432,-2.76,53.71,5.81,6.8,10.431691845821884,-137.3626698,-7.336348108,-11.19544412,29.45981749276259,-11.49601975
SL,"Iglesias, Raisel",5/30/2023,R,80.5,80,2512,70,0.72,0.92,-1.63277937,2.959607901818325,-2.1,54.51,5.6,6,-0.331233479,-117.2274494,-0.902508384,6.680176336690255,22.90007202121596,-23.79877817
FF,"Rodriguez, Eduardo",4/12/2023,L,92.3,92.5,2271,149,0.74,1.31,-0.155949024,3.1511090170295333,1.7,54.16,5.85,6.3,-6.35086473,-134.2501501,-3.9105042,10.33072950030248,27.95500387527222,-15.65018947
CH,"Henry, Tommy",5/11/2023,L,83.8,84.6,1706,114,1.3,-0.04,-0.061118865,1.2236926940227844,2.04,53.66,5.45,6.8,-7.509869222,-121.8430955,-3.263204984,14.45554002017786,24.066492221896876,-32.16912758
SI,"Cuas, Jose",9/16/2023,R,92.4,91.9,2446,246,-1.14,0.31,-0.399338621,3.5423844936031257,-4.43,54.26,4.09,6.2,12.687420988077776,-133.9424383,3.791004198831158,-16.43264164,29.33262259095367,-29.57812614
CU,"Germán, Domingo",7/3/2023,R,80.1,79.5,2527,337,0.04,0.06,0.2272822912807469,2.0567924929817982,-1.54,54.6,5.76,5.9,3.806918944612877,-116.6628719,-1.573174149,-0.418417609,22.928778542294747,-31.55352038
FF,"Bielak, Brandon",5/1/2023,R,94.3,92.4,2382,212,-0.68,1.58,-1.203319588,2.573186769153825,-1.15,54.92,6.36,5.6,1.3611731121193915,-137.0573283,-7.4532053,-8.848045663,35.35531916,-10.79934975
FF,"Finnegan, Kyle",9/19/2023,R,97.1,97.8,2095,219,-0.93,1.48,-0.335831913,2.308650924808895,-1.81,53.92,5.72,6.6,6.114176667094255,-141.2776971,-7.040853005,-13.85822335,30.79009745366099,-10.92194401
SI,"Peterson, David",7/8/2023,L,92.7,93.9,2258,139,1.14,0.42,-0.249976495,1.5257062756298436,2.27,53.23,6.02,7.3,-9.073691399,-134.5300377,-6.629279011,15.851243059272663,30.92537078551177,-25.78573712
FF,"Anderson, Tyler",5/30/2023,L,87.9,87.6,2186,159,0.17,1.77,-0.432027193,2.1832550266875583,1.66,54.25,6.48,6.3,-5.392039685,-127.6776436,-7.905013218,2.9500967817223174,26.77584370410701,-11.40794413
FF,"Gausman, Kevin",4/29/2023,R,94.7,94.3,2353,223,-1.1,1.48,1.0701120111424252,1.7113902938158998,-2.38,54.06,5.87,6.4,11.431235708159337,-137.2013948,-8.434897822,-16.4595209,31.93000502120229,-11.64024824
FF,"Lee, Dylan",4/8/2023,L,90.3,90.9,2178,153,0.47,1.7,-0.654771353,2.2071688040963737,1.58,53.72,6.48,6.8,-6.616346223,-131.1783752,-8.339492768,6.8574792132425255,28.11160352105091,-10.99217982
ST,"Ohtani, Shohei",5/3/2023,R,84.1,84.9,2685,71,1.41,0.52,0.6910482299899208,1.9891493656597363,-2.48,53.6,5.54,6.9,4.584174310961596,-122.3985471,-2.856444789,13.227652148529808,25.20959045077911,-26.63612451
FF,"Kaprielian, James",5/13/2023,R,92.3,91.5,1908,218,-0.47,1.24,0.4341545168067631,2.4764201725920243,-2.77,54.47,5.98,6,9.109439074116745,-133.9754565,-5.701899849,-7.68472922,30.258494897343148,-16.20781643
CH,"Anderson, Tyler",8/5/2023,L,80.6,80.3,1782,133,1.05,0.76,0.829588218,1.5014173698718971,1.87,54.2,6.35,6.3,-4.296463815,-117.2318369,-5.493228686,10.47998457498088,23.898385031316387,-24.31176411
FF,"Moore, Matt",4/22/2023,L,93.9,93,2370,141,0.64,1.62,-0.318547889,2.424756569433927,1.37,54.42,6.33,6.1,-5.750238941,-136.329962,-7.841889782,9.357800448578628,32.870642065748235,-10.47006607
CU,"Johnson, Pierce",8/5/2023,R,87,87,2988,48,0.54,0,1.0130079460461865,1.2362247899252594,-1.79,54.5,6.07,6,5.592661388277227,-126.6240467,-5.47176632,4.824624575556675,22.709234493736524,-31.37140398
SL,"Brash, Matt",4/12/2023,R,88.8,89.6,2920,76,0.61,0.32,-0.434599383,3.318664893281938,-2.41,53.76,5.26,6.7,3.602144810696225,-129.2803823,0.6231241849841159,6.066183797499682,26.94092034648953,-28.91073801
SI,"Mantiply, Joe",9/14/2023,L,87.7,87.2,2127,109,1.7,0.27,-0.192747937,1.6299741005287558,3.05,54.1,5.24,6.4,-11.33552984,-127.1497565,-3.040139041,20.877120786109995,28.616191807221192,-28.82098787
SI,"Muñoz, Andrés",8/15/2023,R,97.2,97.9,2101,237,-1.43,0.1,-0.676100968,3.667849200216022,-3.5,53.91,4.8,6.6,10.899578456687872,-141.2532488,2.264656450929698,-21.57811257,29.765171432027607,-31.53492227
ST,"Hicks, Jordan",9/30/2023,R,84.3,84.3,2524,49,1.09,0.31,1.2847956670155487,2.273819734072896,-1.88,53.98,5.46,6.5,5.196261071565287,-122.6634768,-1.576159253,9.800909524906558,26.93018114581117,-28.98905532
FF,"Weems, Jordan",7/5/2023,R,97.1,97.1,2225,206,-0.6,1.46,0.9801083979171756,2.3006201108348727,-0.56,54.19,6.11,6.3,5.472121425188475,-141.1333931,-8.009177444,-9.198178212,31.409963461832486,-11.03399308
SI,"Moll, Sam",5/26/2023,L,93.4,90.6,2330,122,1.52,0.42,0.8165822391463164,2.885644988176769,2.18,55.64,5.35,4.9,-6.643184069,-135.736443,-1.438171434,20.20586422372966,32.73839112414983,-26.87058388
FF,"Falter, Bailey",4/25/2023,L,90.4,92.5,2037,174,0.28,1.56,-0.068561177,1.7901815095842983,0.92,52.98,5.85,7.5,-3.133370007,-131.4794155,-7.653390002,3.882396997226839,27.46647335,-12.66635156
SI,"Then, Juan",5/29/2023,R,93.4,93.7,2106,238,-1.54,0.47,1.141144656260261,1.4668608271208294,-2.69,53.9,5.21,6.6,13.28716862598691,-135.3169669,-4.907707314,-21.74975119,27.97031249616499,-25.51542851
ST,"Fulmer, Michael",7/22/2023,R,83.7,84.2,2785,62,1.32,-0.27,1.0439954240202762,2.6413803836638365,-2.78,53.79,5.93,6.7,6.241876153539633,-121.7138759,-0.590047435,11.874445184968716,24.60154702772438,-34.97731856
FF,"Taillon, Jameson",8/23/2023,R,93.3,94.1,2223,214,-0.83,1.05,-1.139983499,2.191773443545996,-1.34,53.81,5.87,6.7,2.3466594893543915,-135.8667216,-6.08017046,-10.79072294,29.20300718463712,-18.02429465
SI,"Bassitt, Chris",4/18/2023,R,91.1,91.4,2109,210,-1.14,1.25,-1.241977477,2.1137939601543234,-1.45,53.94,5.93,6.6,2.983671476686345,-132.5142616,-6.371079052,-14.03236583,29.458562676784634,-16.23266401
FF,"Woodruff, Brandon",8/6/2023,R,96.7,97.7,2494,206,-0.6,1.58,0.646829705,3.792166401727598,-1.21,53.71,5.87,6.8,6.369711737006608,-140.6710288,-3.617149532,-9.356500988,30.928460294194984,-10.5927425
FF,"Steele, Justin",9/9/2023,L,91.6,91.6,2354,169,-0.22,0.72,-0.412560868,2.522587573915313,1.87,54.24,6.04,6.3,-5.297170512,-133.2949859,-4.581526187,-1.453472419,28.30944792419185,-22.79668184
